{
  "waypoints": [
    {
      "angles": [
        0.4764748811721802,
        0.7190756797790527,
        0.0,
        0.0,
        0.0,
        0.0,
        0.0,
        0.0,
        0.0
      ],
      "gripper_closed": false,
      "time": 0.0
    },
    {
      "angles": [
        -0.5044001340866089,
        0.7190756797790527,
        -0.04363323003053665,
        -0.6963863968849182,
        0.0,
        0.0,
        0.0,
        0.0,
        0.0
      ],
      "gripper_closed": false,
      "time": 1.0
    }
  ]
}